id,rda_profile_id,nutrient_name,value,unit
0,1,b12,0.4,μg
1,1,b6,0.1,mg
2,1,biotin,5.0,μg
3,1,calcium,200.0,mg
4,1,carbohydrate_max_percent,,percent
5,1,carbohydrate_min_percent,,percent
6,1,carbohydrate_total,60.0,g
7,1,chlorine,180.0,g
8,1,cholesterol,,mg
9,1,choline,125.0,mg
10,1,chromium,0.2,μg
11,1,copper,200.0,μg
12,1,fat_max_percent,,percent
13,1,fat_min_percent,,percent
14,1,fluoride,0.01,mg
15,1,folate,65.0,μg
16,1,histidine,36.0,mg_per_kg
17,1,iodine,110.0,μg
18,1,iron,0.27,mg
19,1,isoleucine,88.0,mg_per_kg
20,1,leucine,156.0,mg_per_kg
21,1,lysine,107.0,mg_per_kg
22,1,magnesium,30.0,mg
23,1,manganese,0.003,mg
24,1,methionine_and_cysteine,59.0,mg_per_kg
25,1,molybdenum,2.0,μg
26,1,niacin,2.0,mg
27,1,omega_3,0.5,g
28,1,omega_3_max_percent,,percent
29,1,omega_3_min_percent,,percent
30,1,omega_6,4.4,g
31,1,omega_6_max_percent,,percent
32,1,omega_6_min_percent,,percent
33,1,pantothenic_acid,1.7,mg
34,1,phenylalanine_and_tyrosine,135.0,mg_per_kg
35,1,phosphorus,100.0,mg
36,1,potassium,400.0,mg
37,1,protein_max_percent,,percent
38,1,protein_min_percent,,percent
39,1,riboflavin,0.3,mg
40,1,selenium,15.0,μg
41,1,sodium,110.0,mg
42,1,thiamin,0.2,mg
43,1,threonine,73.0,mg_per_kg
44,1,total_dietary_fibre,,g
45,1,total_fat,30.0,g
46,1,total_protein,9.1,g
47,1,total_saturated_fat,,g
48,1,trans_fat,0.0,g
49,1,tryptophan,28.0,mg_per_kg
50,1,valine,87.0,mg_per_kg
51,1,vit_a,400.0,μg
52,1,vit_c,40.0,mg
53,1,vit_d,10.0,μg
54,1,vit_e,4.0,mg
55,1,vit_k,2.0,μg
56,1,water,700.0,ml
57,1,zinc,2.0,mg
58,2,b12,0.5,μg
59,2,b6,0.3,mg
60,2,biotin,6.0,μg
61,2,calcium,260.0,mg
62,2,carbohydrate_max_percent,,percent
63,2,carbohydrate_min_percent,,percent
64,2,carbohydrate_total,95.0,g
65,2,chlorine,570.0,g
66,2,cholesterol,,mg
67,2,choline,150.0,mg
68,2,chromium,5.5,μg
69,2,copper,220.0,μg
70,2,fat_max_percent,,percent
71,2,fat_min_percent,,percent
72,2,fluoride,0.5,mg
73,2,folate,80.0,μg
74,2,histidine,32.0,mg_per_kg
75,2,iodine,130.0,μg
76,2,iron,11.0,mg
77,2,isoleucine,43.0,mg_per_kg
78,2,leucine,93.0,mg_per_kg
79,2,lysine,89.0,mg_per_kg
80,2,magnesium,75.0,mg
81,2,manganese,0.6,mg
82,2,methionine_and_cysteine,43.0,mg_per_kg
83,2,molybdenum,3.0,μg
84,2,niacin,4.0,mg
85,2,omega_3,0.5,g
86,2,omega_3_max_percent,,percent
87,2,omega_3_min_percent,,percent
88,2,omega_6,4.6,g
89,2,omega_6_max_percent,,percent
90,2,omega_6_min_percent,,percent
91,2,pantothenic_acid,1.8,mg
92,2,phenylalanine_and_tyrosine,84.0,mg_per_kg
93,2,phosphorus,275.0,mg
94,2,potassium,860.0,mg
95,2,protein_max_percent,,percent
96,2,protein_min_percent,,percent
97,2,riboflavin,0.4,mg
98,2,selenium,20.0,μg
99,2,sodium,370.0,mg
100,2,thiamin,0.3,mg
101,2,threonine,49.0,mg_per_kg
102,2,total_dietary_fibre,,g
103,2,total_fat,30.0,g
104,2,total_protein,11.0,g
105,2,total_saturated_fat,,g
106,2,trans_fat,0.0,g
107,2,tryptophan,13.0,mg_per_kg
108,2,valine,58.0,mg_per_kg
109,2,vit_a,500.0,μg
110,2,vit_c,50.0,mg
111,2,vit_d,10.0,μg
112,2,vit_e,5.0,mg
113,2,vit_k,2.5,μg
114,2,water,800.0,ml
115,2,zinc,3.0,mg
116,3,b12,0.9,μg
117,3,b6,0.5,mg
118,3,biotin,8.0,μg
119,3,calcium,700.0,mg
120,3,carbohydrate_max_percent,65.0,percent
121,3,carbohydrate_min_percent,45.0,percent
122,3,carbohydrate_total,130.0,g
123,3,chlorine,1500.0,g
124,3,cholesterol,,mg
125,3,choline,200.0,mg
126,3,chromium,11.0,μg
127,3,copper,340.0,μg
128,3,fat_max_percent,40.0,percent
129,3,fat_min_percent,30.0,percent
130,3,fluoride,0.7,mg
131,3,folate,150.0,μg
132,3,histidine,21.0,mg_per_kg
133,3,iodine,90.0,μg
134,3,iron,7.0,mg
135,3,isoleucine,28.0,mg_per_kg
136,3,leucine,63.0,mg_per_kg
137,3,lysine,58.0,mg_per_kg
138,3,magnesium,80.0,mg
139,3,manganese,1.2,mg
140,3,methionine_and_cysteine,28.0,mg_per_kg
141,3,molybdenum,17.0,μg
142,3,niacin,6.0,mg
143,3,omega_3,0.7,g
144,3,omega_3_max_percent,1.2,percent
145,3,omega_3_min_percent,0.6,percent
146,3,omega_6,7.0,g
147,3,omega_6_max_percent,10.0,percent
148,3,omega_6_min_percent,5.0,percent
149,3,pantothenic_acid,2.0,mg
150,3,phenylalanine_and_tyrosine,54.0,mg_per_kg
151,3,phosphorus,460.0,mg
152,3,potassium,2000.0,mg
153,3,protein_max_percent,20.0,percent
154,3,protein_min_percent,5.0,percent
155,3,riboflavin,0.5,mg
156,3,selenium,20.0,μg
157,3,sodium,800.0,mg
158,3,thiamin,0.5,mg
159,3,threonine,32.0,mg_per_kg
160,3,total_dietary_fibre,19.0,g
161,3,total_fat,39.0,g
162,3,total_protein,13.0,g
163,3,total_saturated_fat,,g
164,3,trans_fat,0.0,g
165,3,tryptophan,8.0,mg_per_kg
166,3,valine,37.0,mg_per_kg
167,3,vit_a,300.0,μg
168,3,vit_c,15.0,mg
169,3,vit_d,15.0,μg
170,3,vit_e,6.0,mg
171,3,vit_k,30.0,μg
172,3,water,1300.0,ml
173,3,zinc,3.0,mg
174,4,b12,1.2,μg
175,4,b6,0.6,mg
176,4,biotin,12.0,μg
177,4,calcium,1000.0,mg
178,4,carbohydrate_max_percent,65.0,percent
179,4,carbohydrate_min_percent,45.0,percent
180,4,carbohydrate_total,130.0,g
181,4,chlorine,1900.0,g
182,4,cholesterol,300.0,mg
183,4,choline,250.0,mg
184,4,chromium,15.0,μg
185,4,copper,440.0,μg
186,4,fat_max_percent,35.0,percent
187,4,fat_min_percent,25.0,percent
188,4,fluoride,1.0,mg
189,4,folate,200.0,μg
190,4,histidine,16.0,mg_per_kg
191,4,iodine,90.0,μg
192,4,iron,10.0,mg
193,4,isoleucine,22.0,mg_per_kg
194,4,leucine,49.0,mg_per_kg
195,4,lysine,46.0,mg_per_kg
196,4,magnesium,130.0,mg
197,4,manganese,1.5,mg
198,4,methionine_and_cysteine,22.0,mg_per_kg
199,4,molybdenum,22.0,μg
200,4,niacin,8.0,mg
201,4,omega_3,0.9,g
202,4,omega_3_max_percent,1.2,percent
203,4,omega_3_min_percent,0.6,percent
204,4,omega_6,10.0,g
205,4,omega_6_max_percent,10.0,percent
206,4,omega_6_min_percent,5.0,percent
207,4,pantothenic_acid,3.0,mg
208,4,phenylalanine_and_tyrosine,41.0,mg_per_kg
209,4,phosphorus,500.0,mg
210,4,potassium,2300.0,mg
211,4,protein_max_percent,30.0,percent
212,4,protein_min_percent,10.0,percent
213,4,riboflavin,0.6,mg
214,4,selenium,30.0,μg
215,4,sodium,1000.0,mg
216,4,thiamin,0.6,mg
217,4,threonine,24.0,mg_per_kg
218,4,total_dietary_fibre,25.0,g
219,4,total_fat,78.0,g
220,4,total_protein,19.0,g
221,4,total_saturated_fat,10.0,g
222,4,trans_fat,0.0,g
223,4,tryptophan,6.0,mg_per_kg
224,4,valine,28.0,mg_per_kg
225,4,vit_a,400.0,μg
226,4,vit_c,25.0,mg
227,4,vit_d,15.0,μg
228,4,vit_e,7.0,mg
229,4,vit_k,55.0,μg
230,4,water,1700.0,ml
231,4,zinc,5.0,mg
232,5,b12,0.4,μg
233,5,b6,0.1,mg
234,5,biotin,5.0,μg
235,5,calcium,200.0,mg
236,5,carbohydrate_max_percent,,percent
237,5,carbohydrate_min_percent,,percent
238,5,carbohydrate_total,60.0,g
239,5,chlorine,180.0,g
240,5,cholesterol,,mg
241,5,choline,125.0,mg
242,5,chromium,0.2,μg
243,5,copper,200.0,μg
244,5,fat_max_percent,,percent
245,5,fat_min_percent,,percent
246,5,fluoride,0.01,mg
247,5,folate,65.0,μg
248,5,histidine,36.0,mg_per_kg
249,5,iodine,110.0,μg
250,5,iron,0.27,mg
251,5,isoleucine,88.0,mg_per_kg
252,5,leucine,156.0,mg_per_kg
253,5,lysine,107.0,mg_per_kg
254,5,magnesium,30.0,mg
255,5,manganese,0.003,mg
256,5,methionine_and_cysteine,59.0,mg_per_kg
257,5,molybdenum,2.0,μg
258,5,niacin,2.0,mg
259,5,omega_3,0.5,g
260,5,omega_3_max_percent,,percent
261,5,omega_3_min_percent,,percent
262,5,omega_6,4.4,g
263,5,omega_6_max_percent,,percent
264,5,omega_6_min_percent,,percent
265,5,pantothenic_acid,1.7,mg
266,5,phenylalanine_and_tyrosine,135.0,mg_per_kg
267,5,phosphorus,100.0,mg
268,5,potassium,400.0,mg
269,5,protein_max_percent,,percent
270,5,protein_min_percent,,percent
271,5,riboflavin,0.3,mg
272,5,selenium,15.0,μg
273,5,sodium,110.0,mg
274,5,thiamin,0.2,mg
275,5,threonine,73.0,mg_per_kg
276,5,total_dietary_fibre,,g
277,5,total_fat,30.0,g
278,5,total_protein,9.1,g
279,5,total_saturated_fat,,g
280,5,trans_fat,0.0,g
281,5,tryptophan,28.0,mg_per_kg
282,5,valine,87.0,mg_per_kg
283,5,vit_a,400.0,μg
284,5,vit_c,40.0,mg
285,5,vit_d,10.0,μg
286,5,vit_e,4.0,mg
287,5,vit_k,2.0,μg
288,5,water,700.0,ml
289,5,zinc,2.0,mg
290,6,b12,0.5,μg
291,6,b6,0.3,mg
292,6,biotin,6.0,μg
293,6,calcium,260.0,mg
294,6,carbohydrate_max_percent,,percent
295,6,carbohydrate_min_percent,,percent
296,6,carbohydrate_total,95.0,g
297,6,chlorine,570.0,g
298,6,cholesterol,,mg
299,6,choline,150.0,mg
300,6,chromium,5.5,μg
301,6,copper,220.0,μg
302,6,fat_max_percent,,percent
303,6,fat_min_percent,,percent
304,6,fluoride,0.5,mg
305,6,folate,80.0,μg
306,6,histidine,32.0,mg_per_kg
307,6,iodine,130.0,μg
308,6,iron,11.0,mg
309,6,isoleucine,43.0,mg_per_kg
310,6,leucine,93.0,mg_per_kg
311,6,lysine,89.0,mg_per_kg
312,6,magnesium,75.0,mg
313,6,manganese,0.6,mg
314,6,methionine_and_cysteine,43.0,mg_per_kg
315,6,molybdenum,3.0,μg
316,6,niacin,4.0,mg
317,6,omega_3,0.5,g
318,6,omega_3_max_percent,,percent
319,6,omega_3_min_percent,,percent
320,6,omega_6,4.6,g
321,6,omega_6_max_percent,,percent
322,6,omega_6_min_percent,,percent
323,6,pantothenic_acid,1.8,mg
324,6,phenylalanine_and_tyrosine,84.0,mg_per_kg
325,6,phosphorus,275.0,mg
326,6,potassium,860.0,mg
327,6,protein_max_percent,,percent
328,6,protein_min_percent,,percent
329,6,riboflavin,0.4,mg
330,6,selenium,20.0,μg
331,6,sodium,370.0,mg
332,6,thiamin,0.3,mg
333,6,threonine,49.0,mg_per_kg
334,6,total_dietary_fibre,,g
335,6,total_fat,30.0,g
336,6,total_protein,11.0,g
337,6,total_saturated_fat,,g
338,6,trans_fat,0.0,g
339,6,tryptophan,13.0,mg_per_kg
340,6,valine,58.0,mg_per_kg
341,6,vit_a,500.0,μg
342,6,vit_c,50.0,mg
343,6,vit_d,10.0,μg
344,6,vit_e,5.0,mg
345,6,vit_k,2.5,μg
346,6,water,800.0,ml
347,6,zinc,3.0,mg
348,7,b12,0.9,μg
349,7,b6,0.5,mg
350,7,biotin,8.0,μg
351,7,calcium,700.0,mg
352,7,carbohydrate_max_percent,65.0,percent
353,7,carbohydrate_min_percent,45.0,percent
354,7,carbohydrate_total,130.0,g
355,7,chlorine,1500.0,g
356,7,cholesterol,,mg
357,7,choline,200.0,mg
358,7,chromium,11.0,μg
359,7,copper,340.0,μg
360,7,fat_max_percent,40.0,percent
361,7,fat_min_percent,30.0,percent
362,7,fluoride,0.7,mg
363,7,folate,150.0,μg
364,7,histidine,21.0,mg_per_kg
365,7,iodine,90.0,μg
366,7,iron,7.0,mg
367,7,isoleucine,28.0,mg_per_kg
368,7,leucine,63.0,mg_per_kg
369,7,lysine,58.0,mg_per_kg
370,7,magnesium,80.0,mg
371,7,manganese,1.2,mg
372,7,methionine_and_cysteine,28.0,mg_per_kg
373,7,molybdenum,17.0,μg
374,7,niacin,6.0,mg
375,7,omega_3,0.7,g
376,7,omega_3_max_percent,1.2,percent
377,7,omega_3_min_percent,0.6,percent
378,7,omega_6,7.0,g
379,7,omega_6_max_percent,10.0,percent
380,7,omega_6_min_percent,5.0,percent
381,7,pantothenic_acid,2.0,mg
382,7,phenylalanine_and_tyrosine,54.0,mg_per_kg
383,7,phosphorus,460.0,mg
384,7,potassium,2000.0,mg
385,7,protein_max_percent,20.0,percent
386,7,protein_min_percent,5.0,percent
387,7,riboflavin,0.5,mg
388,7,selenium,20.0,μg
389,7,sodium,800.0,mg
390,7,thiamin,0.5,mg
391,7,threonine,32.0,mg_per_kg
392,7,total_dietary_fibre,19.0,g
393,7,total_fat,39.0,g
394,7,total_protein,13.0,g
395,7,total_saturated_fat,,g
396,7,trans_fat,0.0,g
397,7,tryptophan,8.0,mg_per_kg
398,7,valine,37.0,mg_per_kg
399,7,vit_a,300.0,μg
400,7,vit_c,15.0,mg
401,7,vit_d,15.0,μg
402,7,vit_e,6.0,mg
403,7,vit_k,30.0,μg
404,7,water,1300.0,ml
405,7,zinc,3.0,mg
406,8,b12,1.2,μg
407,8,b6,0.6,mg
408,8,biotin,12.0,μg
409,8,calcium,1000.0,mg
410,8,carbohydrate_max_percent,65.0,percent
411,8,carbohydrate_min_percent,45.0,percent
412,8,carbohydrate_total,130.0,g
413,8,chlorine,1900.0,g
414,8,cholesterol,300.0,mg
415,8,choline,250.0,mg
416,8,chromium,15.0,μg
417,8,copper,440.0,μg
418,8,fat_max_percent,35.0,percent
419,8,fat_min_percent,25.0,percent
420,8,fluoride,1.0,mg
421,8,folate,200.0,μg
422,8,histidine,16.0,mg_per_kg
423,8,iodine,90.0,μg
424,8,iron,10.0,mg
425,8,isoleucine,22.0,mg_per_kg
426,8,leucine,49.0,mg_per_kg
427,8,lysine,46.0,mg_per_kg
428,8,magnesium,130.0,mg
429,8,manganese,1.5,mg
430,8,methionine_and_cysteine,22.0,mg_per_kg
431,8,molybdenum,22.0,μg
432,8,niacin,8.0,mg
433,8,omega_3,0.9,g
434,8,omega_3_max_percent,1.2,percent
435,8,omega_3_min_percent,0.6,percent
436,8,omega_6,10.0,g
437,8,omega_6_max_percent,10.0,percent
438,8,omega_6_min_percent,5.0,percent
439,8,pantothenic_acid,3.0,mg
440,8,phenylalanine_and_tyrosine,41.0,mg_per_kg
441,8,phosphorus,500.0,mg
442,8,potassium,2300.0,mg
443,8,protein_max_percent,30.0,percent
444,8,protein_min_percent,10.0,percent
445,8,riboflavin,0.6,mg
446,8,selenium,30.0,μg
447,8,sodium,1000.0,mg
448,8,thiamin,0.6,mg
449,8,threonine,24.0,mg_per_kg
450,8,total_dietary_fibre,25.0,g
451,8,total_fat,78.0,g
452,8,total_protein,19.0,g
453,8,total_saturated_fat,10.0,g
454,8,trans_fat,0.0,g
455,8,tryptophan,6.0,mg_per_kg
456,8,valine,28.0,mg_per_kg
457,8,vit_a,400.0,μg
458,8,vit_c,25.0,mg
459,8,vit_d,15.0,μg
460,8,vit_e,7.0,mg
461,8,vit_k,55.0,μg
462,8,water,1700.0,ml
463,8,zinc,5.0,mg
464,9,b12,1.8,μg
465,9,b6,1.0,mg
466,9,biotin,20.0,μg
467,9,calcium,1300.0,mg
468,9,carbohydrate_max_percent,65.0,percent
469,9,carbohydrate_min_percent,45.0,percent
470,9,carbohydrate_total,130.0,g
471,9,chlorine,2300.0,g
472,9,cholesterol,300.0,mg
473,9,choline,375.0,mg
474,9,chromium,25.0,μg
475,9,copper,700.0,μg
476,9,fat_max_percent,35.0,percent
477,9,fat_min_percent,25.0,percent
478,9,fluoride,2.0,mg
479,9,folate,300.0,μg
480,9,histidine,17.0,mg_per_kg
481,9,iodine,120.0,μg
482,9,iron,8.0,mg
483,9,isoleucine,22.0,mg_per_kg
484,9,leucine,49.0,mg_per_kg
485,9,lysine,46.0,mg_per_kg
486,9,magnesium,240.0,mg
487,9,manganese,1.9,mg
488,9,methionine_and_cysteine,22.0,mg_per_kg
489,9,molybdenum,34.0,μg
490,9,niacin,12.0,mg
491,9,omega_3,1.2,g
492,9,omega_3_max_percent,1.2,percent
493,9,omega_3_min_percent,0.6,percent
494,9,omega_6,12.0,g
495,9,omega_6_max_percent,10.0,percent
496,9,omega_6_min_percent,5.0,percent
497,9,pantothenic_acid,4.0,mg
498,9,phenylalanine_and_tyrosine,41.0,mg_per_kg
499,9,phosphorus,1250.0,mg
500,9,potassium,2500.0,mg
501,9,protein_max_percent,30.0,percent
502,9,protein_min_percent,10.0,percent
503,9,riboflavin,0.9,mg
504,9,selenium,40.0,μg
505,9,sodium,1200.0,mg
506,9,thiamin,0.9,mg
507,9,threonine,24.0,mg_per_kg
508,9,total_dietary_fibre,31.0,g
509,9,total_fat,78.0,g
510,9,total_protein,34.0,g
511,9,total_saturated_fat,20.0,g
512,9,trans_fat,0.0,g
513,9,tryptophan,6.0,mg_per_kg
514,9,valine,28.0,mg_per_kg
515,9,vit_a,600.0,μg
516,9,vit_c,45.0,mg
517,9,vit_d,15.0,μg
518,9,vit_e,11.0,mg
519,9,vit_k,60.0,μg
520,9,water,2400.0,ml
521,9,zinc,8.0,mg
522,10,b12,2.4,μg
523,10,b6,1.3,mg
524,10,biotin,25.0,μg
525,10,calcium,1300.0,mg
526,10,carbohydrate_max_percent,65.0,percent
527,10,carbohydrate_min_percent,45.0,percent
528,10,carbohydrate_total,130.0,g
529,10,chlorine,2300.0,g
530,10,cholesterol,300.0,mg
531,10,choline,550.0,mg
532,10,chromium,35.0,μg
533,10,copper,890.0,μg
534,10,fat_max_percent,35.0,percent
535,10,fat_min_percent,25.0,percent
536,10,fluoride,3.0,mg
537,10,folate,400.0,μg
538,10,histidine,15.0,mg_per_kg
539,10,iodine,150.0,μg
540,10,iron,11.0,mg
541,10,isoleucine,21.0,mg_per_kg
542,10,leucine,47.0,mg_per_kg
543,10,lysine,43.0,mg_per_kg
544,10,magnesium,410.0,mg
545,10,manganese,2.2,mg
546,10,methionine_and_cysteine,21.0,mg_per_kg
547,10,molybdenum,43.0,μg
548,10,niacin,16.0,mg
549,10,omega_3,1.6,g
550,10,omega_3_max_percent,1.2,percent
551,10,omega_3_min_percent,0.6,percent
552,10,omega_6,16.0,g
553,10,omega_6_max_percent,10.0,percent
554,10,omega_6_min_percent,5.0,percent
555,10,pantothenic_acid,5.0,mg
556,10,phenylalanine_and_tyrosine,38.0,mg_per_kg
557,10,phosphorus,1250.0,mg
558,10,potassium,3000.0,mg
559,10,protein_max_percent,30.0,percent
560,10,protein_min_percent,10.0,percent
561,10,riboflavin,1.3,mg
562,10,selenium,55.0,μg
563,10,sodium,1500.0,mg
564,10,thiamin,1.2,mg
565,10,threonine,22.0,mg_per_kg
566,10,total_dietary_fibre,38.0,g
567,10,total_fat,78.0,g
568,10,total_protein,52.0,g
569,10,total_saturated_fat,20.0,g
570,10,trans_fat,0.0,g
571,10,tryptophan,6.0,mg_per_kg
572,10,valine,27.0,mg_per_kg
573,10,vit_a,900.0,μg
574,10,vit_c,75.0,mg
575,10,vit_d,15.0,μg
576,10,vit_e,15.0,mg
577,10,vit_k,75.0,μg
578,10,water,3300.0,ml
579,10,zinc,11.0,mg
580,11,b12,2.4,μg
581,11,b6,1.3,mg
582,11,biotin,30.0,μg
583,11,calcium,1000.0,mg
584,11,carbohydrate_max_percent,65.0,percent
585,11,carbohydrate_min_percent,45.0,percent
586,11,carbohydrate_total,130.0,g
587,11,chlorine,2300.0,g
588,11,cholesterol,300.0,mg
589,11,choline,550.0,mg
590,11,chromium,35.0,μg
591,11,copper,900.0,μg
592,11,fat_max_percent,35.0,percent
593,11,fat_min_percent,20.0,percent
594,11,fluoride,4.0,mg
595,11,folate,400.0,μg
596,11,histidine,14.0,mg_per_kg
597,11,iodine,150.0,μg
598,11,iron,8.0,mg
599,11,isoleucine,19.0,mg_per_kg
600,11,leucine,42.0,mg_per_kg
601,11,lysine,38.0,mg_per_kg
602,11,magnesium,400.0,mg
603,11,manganese,2.3,mg
604,11,methionine_and_cysteine,19.0,mg_per_kg
605,11,molybdenum,45.0,μg
606,11,niacin,16.0,mg
607,11,omega_3,1.6,g
608,11,omega_3_max_percent,1.2,percent
609,11,omega_3_min_percent,0.6,percent
610,11,omega_6,17.0,g
611,11,omega_6_max_percent,10.0,percent
612,11,omega_6_min_percent,5.0,percent
613,11,pantothenic_acid,5.0,mg
614,11,phenylalanine_and_tyrosine,33.0,mg_per_kg
615,11,phosphorus,700.0,mg
616,11,potassium,3400.0,mg
617,11,protein_max_percent,35.0,percent
618,11,protein_min_percent,10.0,percent
619,11,riboflavin,1.3,mg
620,11,selenium,55.0,μg
621,11,sodium,1500.0,mg
622,11,thiamin,1.2,mg
623,11,threonine,20.0,mg_per_kg
624,11,total_dietary_fibre,38.0,g
625,11,total_fat,78.0,g
626,11,total_protein,56.0,g
627,11,total_saturated_fat,20.0,g
628,11,trans_fat,0.0,g
629,11,tryptophan,5.0,mg_per_kg
630,11,valine,24.0,mg_per_kg
631,11,vit_a,900.0,μg
632,11,vit_c,90.0,mg
633,11,vit_d,15.0,μg
634,11,vit_e,15.0,mg
635,11,vit_k,120.0,μg
636,11,water,3700.0,ml
637,11,zinc,11.0,mg
638,12,b12,2.4,μg
639,12,b6,1.3,mg
640,12,biotin,30.0,μg
641,12,calcium,1000.0,mg
642,12,carbohydrate_max_percent,65.0,percent
643,12,carbohydrate_min_percent,45.0,percent
644,12,carbohydrate_total,130.0,g
645,12,chlorine,2300.0,g
646,12,cholesterol,300.0,mg
647,12,choline,550.0,mg
648,12,chromium,35.0,μg
649,12,copper,900.0,μg
650,12,fat_max_percent,35.0,percent
651,12,fat_min_percent,20.0,percent
652,12,fluoride,4.0,mg
653,12,folate,400.0,μg
654,12,histidine,14.0,mg_per_kg
655,12,iodine,150.0,μg
656,12,iron,8.0,mg
657,12,isoleucine,19.0,mg_per_kg
658,12,leucine,42.0,mg_per_kg
659,12,lysine,38.0,mg_per_kg
660,12,magnesium,420.0,mg
661,12,manganese,2.3,mg
662,12,methionine_and_cysteine,19.0,mg_per_kg
663,12,molybdenum,45.0,μg
664,12,niacin,16.0,mg
665,12,omega_3,1.6,g
666,12,omega_3_max_percent,1.2,percent
667,12,omega_3_min_percent,0.6,percent
668,12,omega_6,17.0,g
669,12,omega_6_max_percent,10.0,percent
670,12,omega_6_min_percent,5.0,percent
671,12,pantothenic_acid,5.0,mg
672,12,phenylalanine_and_tyrosine,33.0,mg_per_kg
673,12,phosphorus,700.0,mg
674,12,potassium,3400.0,mg
675,12,protein_max_percent,35.0,percent
676,12,protein_min_percent,10.0,percent
677,12,riboflavin,1.3,mg
678,12,selenium,55.0,μg
679,12,sodium,1500.0,mg
680,12,thiamin,1.2,mg
681,12,threonine,20.0,mg_per_kg
682,12,total_dietary_fibre,38.0,g
683,12,total_fat,78.0,g
684,12,total_protein,56.0,g
685,12,total_saturated_fat,20.0,g
686,12,trans_fat,0.0,g
687,12,tryptophan,5.0,mg_per_kg
688,12,valine,24.0,mg_per_kg
689,12,vit_a,900.0,μg
690,12,vit_c,90.0,mg
691,12,vit_d,15.0,μg
692,12,vit_e,15.0,mg
693,12,vit_k,120.0,μg
694,12,water,3700.0,ml
695,12,zinc,11.0,mg
696,13,b12,2.4,μg
697,13,b6,1.7,mg
698,13,biotin,30.0,μg
699,13,calcium,1000.0,mg
700,13,carbohydrate_max_percent,65.0,percent
701,13,carbohydrate_min_percent,45.0,percent
702,13,carbohydrate_total,130.0,g
703,13,chlorine,2000.0,g
704,13,cholesterol,300.0,mg
705,13,choline,550.0,mg
706,13,chromium,30.0,μg
707,13,copper,900.0,μg
708,13,fat_max_percent,35.0,percent
709,13,fat_min_percent,20.0,percent
710,13,fluoride,4.0,mg
711,13,folate,400.0,μg
712,13,histidine,14.0,mg_per_kg
713,13,iodine,150.0,μg
714,13,iron,8.0,mg
715,13,isoleucine,19.0,mg_per_kg
716,13,leucine,42.0,mg_per_kg
717,13,lysine,38.0,mg_per_kg
718,13,magnesium,420.0,mg
719,13,manganese,2.3,mg
720,13,methionine_and_cysteine,19.0,mg_per_kg
721,13,molybdenum,45.0,μg
722,13,niacin,16.0,mg
723,13,omega_3,1.6,g
724,13,omega_3_max_percent,1.2,percent
725,13,omega_3_min_percent,0.6,percent
726,13,omega_6,14.0,g
727,13,omega_6_max_percent,10.0,percent
728,13,omega_6_min_percent,5.0,percent
729,13,pantothenic_acid,5.0,mg
730,13,phenylalanine_and_tyrosine,33.0,mg_per_kg
731,13,phosphorus,700.0,mg
732,13,potassium,3400.0,mg
733,13,protein_max_percent,35.0,percent
734,13,protein_min_percent,10.0,percent
735,13,riboflavin,1.3,mg
736,13,selenium,55.0,μg
737,13,sodium,1500.0,mg
738,13,thiamin,1.2,mg
739,13,threonine,20.0,mg_per_kg
740,13,total_dietary_fibre,30.0,g
741,13,total_fat,78.0,g
742,13,total_protein,56.0,g
743,13,total_saturated_fat,20.0,g
744,13,trans_fat,0.0,g
745,13,tryptophan,5.0,mg_per_kg
746,13,valine,24.0,mg_per_kg
747,13,vit_a,900.0,μg
748,13,vit_c,90.0,mg
749,13,vit_d,15.0,μg
750,13,vit_e,15.0,mg
751,13,vit_k,120.0,μg
752,13,water,3700.0,ml
753,13,zinc,11.0,mg
754,14,b12,2.4,μg
755,14,b6,1.7,mg
756,14,biotin,30.0,μg
757,14,calcium,1200.0,mg
758,14,carbohydrate_max_percent,65.0,percent
759,14,carbohydrate_min_percent,45.0,percent
760,14,carbohydrate_total,130.0,g
761,14,chlorine,1800.0,g
762,14,cholesterol,300.0,mg
763,14,choline,550.0,mg
764,14,chromium,30.0,μg
765,14,copper,900.0,μg
766,14,fat_max_percent,35.0,percent
767,14,fat_min_percent,20.0,percent
768,14,fluoride,4.0,mg
769,14,folate,400.0,μg
770,14,histidine,14.0,mg_per_kg
771,14,iodine,150.0,μg
772,14,iron,8.0,mg
773,14,isoleucine,19.0,mg_per_kg
774,14,leucine,42.0,mg_per_kg
775,14,lysine,38.0,mg_per_kg
776,14,magnesium,420.0,mg
777,14,manganese,2.3,mg
778,14,methionine_and_cysteine,19.0,mg_per_kg
779,14,molybdenum,45.0,μg
780,14,niacin,16.0,mg
781,14,omega_3,1.6,g
782,14,omega_3_max_percent,1.2,percent
783,14,omega_3_min_percent,0.6,percent
784,14,omega_6,14.0,g
785,14,omega_6_max_percent,10.0,percent
786,14,omega_6_min_percent,5.0,percent
787,14,pantothenic_acid,5.0,mg
788,14,phenylalanine_and_tyrosine,33.0,mg_per_kg
789,14,phosphorus,700.0,mg
790,14,potassium,3400.0,mg
791,14,protein_max_percent,35.0,percent
792,14,protein_min_percent,10.0,percent
793,14,riboflavin,1.3,mg
794,14,selenium,55.0,μg
795,14,sodium,1500.0,mg
796,14,thiamin,1.2,mg
797,14,threonine,20.0,mg_per_kg
798,14,total_dietary_fibre,30.0,g
799,14,total_fat,78.0,g
800,14,total_protein,56.0,g
801,14,total_saturated_fat,20.0,g
802,14,trans_fat,0.0,g
803,14,tryptophan,5.0,mg_per_kg
804,14,valine,24.0,mg_per_kg
805,14,vit_a,900.0,μg
806,14,vit_c,90.0,mg
807,14,vit_d,20.0,μg
808,14,vit_e,15.0,mg
809,14,vit_k,120.0,μg
810,14,water,3700.0,ml
811,14,zinc,11.0,mg
812,15,b12,1.8,μg
813,15,b6,1.0,mg
814,15,biotin,20.0,μg
815,15,calcium,1300.0,mg
816,15,carbohydrate_max_percent,65.0,percent
817,15,carbohydrate_min_percent,45.0,percent
818,15,carbohydrate_total,130.0,g
819,15,chlorine,2300.0,g
820,15,cholesterol,300.0,mg
821,15,choline,375.0,mg
822,15,chromium,21.0,μg
823,15,copper,700.0,μg
824,15,fat_max_percent,35.0,percent
825,15,fat_min_percent,25.0,percent
826,15,fluoride,2.0,mg
827,15,folate,300.0,μg
828,15,histidine,15.0,mg_per_kg
829,15,iodine,120.0,μg
830,15,iron,8.0,mg
831,15,isoleucine,21.0,mg_per_kg
832,15,leucine,47.0,mg_per_kg
833,15,lysine,43.0,mg_per_kg
834,15,magnesium,240.0,mg
835,15,manganese,1.6,mg
836,15,methionine_and_cysteine,21.0,mg_per_kg
837,15,molybdenum,34.0,μg
838,15,niacin,12.0,mg
839,15,omega_3,1.0,g
840,15,omega_3_max_percent,1.2,percent
841,15,omega_3_min_percent,0.6,percent
842,15,omega_6,10.0,g
843,15,omega_6_max_percent,10.0,percent
844,15,omega_6_min_percent,5.0,percent
845,15,pantothenic_acid,4.0,mg
846,15,phenylalanine_and_tyrosine,38.0,mg_per_kg
847,15,phosphorus,1250.0,mg
848,15,potassium,2300.0,mg
849,15,protein_max_percent,30.0,percent
850,15,protein_min_percent,10.0,percent
851,15,riboflavin,0.9,mg
852,15,selenium,40.0,μg
853,15,sodium,1200.0,mg
854,15,thiamin,0.9,mg
855,15,threonine,22.0,mg_per_kg
856,15,total_dietary_fibre,26.0,g
857,15,total_fat,78.0,g
858,15,total_protein,34.0,g
859,15,total_saturated_fat,20.0,g
860,15,trans_fat,0.0,g
861,15,tryptophan,6.0,mg_per_kg
862,15,valine,27.0,mg_per_kg
863,15,vit_a,600.0,μg
864,15,vit_c,45.0,mg
865,15,vit_d,15.0,μg
866,15,vit_e,11.0,mg
867,15,vit_k,60.0,μg
868,15,water,2100.0,ml
869,15,zinc,8.0,mg
870,16,b12,2.4,μg
871,16,b6,1.2,mg
872,16,biotin,25.0,μg
873,16,calcium,1300.0,mg
874,16,carbohydrate_max_percent,65.0,percent
875,16,carbohydrate_min_percent,45.0,percent
876,16,carbohydrate_total,130.0,g
877,16,chlorine,2300.0,g
878,16,cholesterol,300.0,mg
879,16,choline,400.0,mg
880,16,chromium,24.0,μg
881,16,copper,890.0,μg
882,16,fat_max_percent,35.0,percent
883,16,fat_min_percent,25.0,percent
884,16,fluoride,3.0,mg
885,16,folate,400.0,μg
886,16,histidine,14.0,mg_per_kg
887,16,iodine,150.0,μg
888,16,iron,15.0,mg
889,16,isoleucine,19.0,mg_per_kg
890,16,leucine,44.0,mg_per_kg
891,16,lysine,40.0,mg_per_kg
892,16,magnesium,360.0,mg
893,16,manganese,1.6,mg
894,16,methionine_and_cysteine,19.0,mg_per_kg
895,16,molybdenum,43.0,μg
896,16,niacin,14.0,mg
897,16,omega_3,1.1,g
898,16,omega_3_max_percent,1.2,percent
899,16,omega_3_min_percent,0.6,percent
900,16,omega_6,11.0,g
901,16,omega_6_max_percent,10.0,percent
902,16,omega_6_min_percent,5.0,percent
903,16,pantothenic_acid,5.0,mg
904,16,phenylalanine_and_tyrosine,35.0,mg_per_kg
905,16,phosphorus,1250.0,mg
906,16,potassium,2300.0,mg
907,16,protein_max_percent,30.0,percent
908,16,protein_min_percent,10.0,percent
909,16,riboflavin,1.0,mg
910,16,selenium,55.0,μg
911,16,sodium,1500.0,mg
912,16,thiamin,1.0,mg
913,16,threonine,21.0,mg_per_kg
914,16,total_dietary_fibre,26.0,g
915,16,total_fat,78.0,g
916,16,total_protein,46.0,g
917,16,total_saturated_fat,20.0,g
918,16,trans_fat,0.0,g
919,16,tryptophan,5.0,mg_per_kg
920,16,valine,24.0,mg_per_kg
921,16,vit_a,700.0,μg
922,16,vit_c,65.0,mg
923,16,vit_d,15.0,μg
924,16,vit_e,15.0,mg
925,16,vit_k,75.0,μg
926,16,water,2300.0,ml
927,16,zinc,9.0,mg
928,17,b12,2.4,μg
929,17,b6,1.3,mg
930,17,biotin,30.0,μg
931,17,calcium,1000.0,mg
932,17,carbohydrate_max_percent,65.0,percent
933,17,carbohydrate_min_percent,45.0,percent
934,17,carbohydrate_total,130.0,g
935,17,chlorine,2300.0,g
936,17,cholesterol,300.0,mg
937,17,choline,425.0,mg
938,17,chromium,25.0,μg
939,17,copper,900.0,μg
940,17,fat_max_percent,35.0,percent
941,17,fat_min_percent,20.0,percent
942,17,fluoride,3.0,mg
943,17,folate,400.0,μg
944,17,histidine,14.0,mg_per_kg
945,17,iodine,150.0,μg
946,17,iron,18.0,mg
947,17,isoleucine,19.0,mg_per_kg
948,17,leucine,42.0,mg_per_kg
949,17,lysine,38.0,mg_per_kg
950,17,magnesium,310.0,mg
951,17,manganese,1.8,mg
952,17,methionine_and_cysteine,19.0,mg_per_kg
953,17,molybdenum,45.0,μg
954,17,niacin,14.0,mg
955,17,omega_3,1.1,g
956,17,omega_3_max_percent,1.2,percent
957,17,omega_3_min_percent,0.6,percent
958,17,omega_6,12.0,g
959,17,omega_6_max_percent,10.0,percent
960,17,omega_6_min_percent,5.0,percent
961,17,pantothenic_acid,5.0,mg
962,17,phenylalanine_and_tyrosine,33.0,mg_per_kg
963,17,phosphorus,700.0,mg
964,17,potassium,2600.0,mg
965,17,protein_max_percent,35.0,percent
966,17,protein_min_percent,10.0,percent
967,17,riboflavin,1.1,mg
968,17,selenium,55.0,μg
969,17,sodium,1500.0,mg
970,17,thiamin,1.1,mg
971,17,threonine,20.0,mg_per_kg
972,17,total_dietary_fibre,25.0,g
973,17,total_fat,78.0,g
974,17,total_protein,46.0,g
975,17,total_saturated_fat,20.0,g
976,17,trans_fat,0.0,g
977,17,tryptophan,5.0,mg_per_kg
978,17,valine,24.0,mg_per_kg
979,17,vit_a,700.0,μg
980,17,vit_c,75.0,mg
981,17,vit_d,15.0,μg
982,17,vit_e,15.0,mg
983,17,vit_k,90.0,μg
984,17,water,2700.0,ml
985,17,zinc,8.0,mg
986,18,b12,2.4,μg
987,18,b6,1.3,mg
988,18,biotin,30.0,μg
989,18,calcium,1000.0,mg
990,18,carbohydrate_max_percent,65.0,percent
991,18,carbohydrate_min_percent,45.0,percent
992,18,carbohydrate_total,130.0,g
993,18,chlorine,2300.0,g
994,18,cholesterol,300.0,mg
995,18,choline,425.0,mg
996,18,chromium,25.0,μg
997,18,copper,900.0,μg
998,18,fat_max_percent,35.0,percent
999,18,fat_min_percent,20.0,percent
1000,18,fluoride,3.0,mg
1001,18,folate,400.0,μg
1002,18,histidine,14.0,mg_per_kg
1003,18,iodine,150.0,μg
1004,18,iron,18.0,mg
1005,18,isoleucine,19.0,mg_per_kg
1006,18,leucine,42.0,mg_per_kg
1007,18,lysine,38.0,mg_per_kg
1008,18,magnesium,320.0,mg
1009,18,manganese,1.8,mg
1010,18,methionine_and_cysteine,19.0,mg_per_kg
1011,18,molybdenum,45.0,μg
1012,18,niacin,14.0,mg
1013,18,omega_3,1.1,g
1014,18,omega_3_max_percent,1.2,percent
1015,18,omega_3_min_percent,0.6,percent
1016,18,omega_6,12.0,g
1017,18,omega_6_max_percent,10.0,percent
1018,18,omega_6_min_percent,5.0,percent
1019,18,pantothenic_acid,5.0,mg
1020,18,phenylalanine_and_tyrosine,33.0,mg_per_kg
1021,18,phosphorus,700.0,mg
1022,18,potassium,2600.0,mg
1023,18,protein_max_percent,35.0,percent
1024,18,protein_min_percent,10.0,percent
1025,18,riboflavin,1.1,mg
1026,18,selenium,55.0,μg
1027,18,sodium,1500.0,mg
1028,18,thiamin,1.1,mg
1029,18,threonine,20.0,mg_per_kg
1030,18,total_dietary_fibre,25.0,g
1031,18,total_fat,78.0,g
1032,18,total_protein,46.0,g
1033,18,total_saturated_fat,20.0,g
1034,18,trans_fat,0.0,g
1035,18,tryptophan,5.0,mg_per_kg
1036,18,valine,24.0,mg_per_kg
1037,18,vit_a,700.0,μg
1038,18,vit_c,75.0,mg
1039,18,vit_d,15.0,μg
1040,18,vit_e,15.0,mg
1041,18,vit_k,90.0,μg
1042,18,water,2700.0,ml
1043,18,zinc,8.0,mg
1044,19,b12,2.4,μg
1045,19,b6,1.5,mg
1046,19,biotin,30.0,μg
1047,19,calcium,1200.0,mg
1048,19,carbohydrate_max_percent,65.0,percent
1049,19,carbohydrate_min_percent,45.0,percent
1050,19,carbohydrate_total,130.0,g
1051,19,chlorine,2000.0,g
1052,19,cholesterol,300.0,mg
1053,19,choline,425.0,mg
1054,19,chromium,20.0,μg
1055,19,copper,900.0,μg
1056,19,fat_max_percent,35.0,percent
1057,19,fat_min_percent,20.0,percent
1058,19,fluoride,3.0,mg
1059,19,folate,400.0,μg
1060,19,histidine,14.0,mg_per_kg
1061,19,iodine,150.0,μg
1062,19,iron,8.0,mg
1063,19,isoleucine,19.0,mg_per_kg
1064,19,leucine,42.0,mg_per_kg
1065,19,lysine,38.0,mg_per_kg
1066,19,magnesium,320.0,mg
1067,19,manganese,1.8,mg
1068,19,methionine_and_cysteine,19.0,mg_per_kg
1069,19,molybdenum,45.0,μg
1070,19,niacin,14.0,mg
1071,19,omega_3,1.1,g
1072,19,omega_3_max_percent,1.2,percent
1073,19,omega_3_min_percent,0.6,percent
1074,19,omega_6,11.0,g
1075,19,omega_6_max_percent,10.0,percent
1076,19,omega_6_min_percent,5.0,percent
1077,19,pantothenic_acid,5.0,mg
1078,19,phenylalanine_and_tyrosine,33.0,mg_per_kg
1079,19,phosphorus,700.0,mg
1080,19,potassium,2600.0,mg
1081,19,protein_max_percent,35.0,percent
1082,19,protein_min_percent,10.0,percent
1083,19,riboflavin,1.1,mg
1084,19,selenium,55.0,μg
1085,19,sodium,1500.0,mg
1086,19,thiamin,1.1,mg
1087,19,threonine,20.0,mg_per_kg
1088,19,total_dietary_fibre,21.0,g
1089,19,total_fat,78.0,g
1090,19,total_protein,46.0,g
1091,19,total_saturated_fat,20.0,g
1092,19,trans_fat,0.0,g
1093,19,tryptophan,5.0,mg_per_kg
1094,19,valine,24.0,mg_per_kg
1095,19,vit_a,700.0,μg
1096,19,vit_c,75.0,mg
1097,19,vit_d,15.0,μg
1098,19,vit_e,15.0,mg
1099,19,vit_k,90.0,μg
1100,19,water,2700.0,ml
1101,19,zinc,8.0,mg
1102,20,b12,2.4,μg
1103,20,b6,1.5,mg
1104,20,biotin,30.0,μg
1105,20,calcium,1200.0,mg
1106,20,carbohydrate_max_percent,65.0,percent
1107,20,carbohydrate_min_percent,45.0,percent
1108,20,carbohydrate_total,130.0,g
1109,20,chlorine,1800.0,g
1110,20,cholesterol,300.0,mg
1111,20,choline,425.0,mg
1112,20,chromium,20.0,μg
1113,20,copper,900.0,μg
1114,20,fat_max_percent,35.0,percent
1115,20,fat_min_percent,20.0,percent
1116,20,fluoride,3.0,mg
1117,20,folate,400.0,μg
1118,20,histidine,14.0,mg_per_kg
1119,20,iodine,150.0,μg
1120,20,iron,8.0,mg
1121,20,isoleucine,19.0,mg_per_kg
1122,20,leucine,42.0,mg_per_kg
1123,20,lysine,38.0,mg_per_kg
1124,20,magnesium,320.0,mg
1125,20,manganese,1.8,mg
1126,20,methionine_and_cysteine,19.0,mg_per_kg
1127,20,molybdenum,45.0,μg
1128,20,niacin,14.0,mg
1129,20,omega_3,1.1,g
1130,20,omega_3_max_percent,1.2,percent
1131,20,omega_3_min_percent,0.6,percent
1132,20,omega_6,11.0,g
1133,20,omega_6_max_percent,10.0,percent
1134,20,omega_6_min_percent,5.0,percent
1135,20,pantothenic_acid,5.0,mg
1136,20,phenylalanine_and_tyrosine,33.0,mg_per_kg
1137,20,phosphorus,700.0,mg
1138,20,potassium,2600.0,mg
1139,20,protein_max_percent,35.0,percent
1140,20,protein_min_percent,10.0,percent
1141,20,riboflavin,1.1,mg
1142,20,selenium,55.0,μg
1143,20,sodium,1500.0,mg
1144,20,thiamin,1.1,mg
1145,20,threonine,20.0,mg_per_kg
1146,20,total_dietary_fibre,21.0,g
1147,20,total_fat,78.0,g
1148,20,total_protein,46.0,g
1149,20,total_saturated_fat,20.0,g
1150,20,trans_fat,0.0,g
1151,20,tryptophan,5.0,mg_per_kg
1152,20,valine,24.0,mg_per_kg
1153,20,vit_a,700.0,μg
1154,20,vit_c,75.0,mg
1155,20,vit_d,20.0,μg
1156,20,vit_e,15.0,mg
1157,20,vit_k,90.0,μg
1158,20,water,2700.0,ml
1159,20,zinc,8.0,mg
1160,21,b12,2.6,μg
1161,21,b6,1.9,mg
1162,21,biotin,30.0,μg
1163,21,calcium,1300.0,mg
1164,21,carbohydrate_max_percent,65.0,percent
1165,21,carbohydrate_min_percent,45.0,percent
1166,21,carbohydrate_total,175.0,g
1167,21,chlorine,2300.0,g
1168,21,cholesterol,300.0,mg
1169,21,choline,450.0,mg
1170,21,chromium,29.0,μg
1171,21,copper,1000.0,μg
1172,21,fat_max_percent,35.0,percent
1173,21,fat_min_percent,25.0,percent
1174,21,fluoride,3.0,mg
1175,21,folate,600.0,μg
1176,21,histidine,18.0,mg_per_kg
1177,21,iodine,220.0,μg
1178,21,iron,27.0,mg
1179,21,isoleucine,25.0,mg_per_kg
1180,21,leucine,56.0,mg_per_kg
1181,21,lysine,51.0,mg_per_kg
1182,21,magnesium,400.0,mg
1183,21,manganese,2.0,mg
1184,21,methionine_and_cysteine,25.0,mg_per_kg
1185,21,molybdenum,50.0,μg
1186,21,niacin,18.0,mg
1187,21,omega_3,1.4,g
1188,21,omega_3_max_percent,1.2,percent
1189,21,omega_3_min_percent,0.6,percent
1190,21,omega_6,13.0,g
1191,21,omega_6_max_percent,10.0,percent
1192,21,omega_6_min_percent,5.0,percent
1193,21,pantothenic_acid,6.0,mg
1194,21,phenylalanine_and_tyrosine,44.0,mg_per_kg
1195,21,phosphorus,1250.0,mg
1196,21,potassium,2600.0,mg
1197,21,protein_max_percent,30.0,percent
1198,21,protein_min_percent,10.0,percent
1199,21,riboflavin,1.4,mg
1200,21,selenium,60.0,μg
1201,21,sodium,1500.0,mg
1202,21,thiamin,1.4,mg
1203,21,threonine,26.0,mg_per_kg
1204,21,total_dietary_fibre,28.0,g
1205,21,total_fat,78.0,g
1206,21,total_protein,71.0,g
1207,21,total_saturated_fat,20.0,g
1208,21,trans_fat,0.0,g
1209,21,tryptophan,7.0,mg_per_kg
1210,21,valine,31.0,mg_per_kg
1211,21,vit_a,750.0,μg
1212,21,vit_c,80.0,mg
1213,21,vit_d,15.0,μg
1214,21,vit_e,15.0,mg
1215,21,vit_k,75.0,μg
1216,21,water,3000.0,ml
1217,21,zinc,12.0,mg
1218,22,b12,2.6,μg
1219,22,b6,1.9,mg
1220,22,biotin,30.0,μg
1221,22,calcium,1000.0,mg
1222,22,carbohydrate_max_percent,65.0,percent
1223,22,carbohydrate_min_percent,45.0,percent
1224,22,carbohydrate_total,175.0,g
1225,22,chlorine,2300.0,g
1226,22,cholesterol,300.0,mg
1227,22,choline,450.0,mg
1228,22,chromium,30.0,μg
1229,22,copper,1000.0,μg
1230,22,fat_max_percent,35.0,percent
1231,22,fat_min_percent,20.0,percent
1232,22,fluoride,3.0,mg
1233,22,folate,600.0,μg
1234,22,histidine,18.0,mg_per_kg
1235,22,iodine,220.0,μg
1236,22,iron,27.0,mg
1237,22,isoleucine,25.0,mg_per_kg
1238,22,leucine,56.0,mg_per_kg
1239,22,lysine,51.0,mg_per_kg
1240,22,magnesium,350.0,mg
1241,22,manganese,2.0,mg
1242,22,methionine_and_cysteine,25.0,mg_per_kg
1243,22,molybdenum,50.0,μg
1244,22,niacin,18.0,mg
1245,22,omega_3,1.4,g
1246,22,omega_3_max_percent,1.2,percent
1247,22,omega_3_min_percent,0.6,percent
1248,22,omega_6,13.0,g
1249,22,omega_6_max_percent,10.0,percent
1250,22,omega_6_min_percent,5.0,percent
1251,22,pantothenic_acid,6.0,mg
1252,22,phenylalanine_and_tyrosine,44.0,mg_per_kg
1253,22,phosphorus,700.0,mg
1254,22,potassium,2900.0,mg
1255,22,protein_max_percent,35.0,percent
1256,22,protein_min_percent,10.0,percent
1257,22,riboflavin,1.4,mg
1258,22,selenium,60.0,μg
1259,22,sodium,1500.0,mg
1260,22,thiamin,1.4,mg
1261,22,threonine,26.0,mg_per_kg
1262,22,total_dietary_fibre,28.0,g
1263,22,total_fat,78.0,g
1264,22,total_protein,71.0,g
1265,22,total_saturated_fat,20.0,g
1266,22,trans_fat,0.0,g
1267,22,tryptophan,7.0,mg_per_kg
1268,22,valine,31.0,mg_per_kg
1269,22,vit_a,770.0,μg
1270,22,vit_c,85.0,mg
1271,22,vit_d,15.0,μg
1272,22,vit_e,15.0,mg
1273,22,vit_k,90.0,μg
1274,22,water,3000.0,ml
1275,22,zinc,11.0,mg
1276,23,b12,2.6,μg
1277,23,b6,1.9,mg
1278,23,biotin,30.0,μg
1279,23,calcium,1000.0,mg
1280,23,carbohydrate_max_percent,65.0,percent
1281,23,carbohydrate_min_percent,45.0,percent
1282,23,carbohydrate_total,175.0,g
1283,23,chlorine,2300.0,g
1284,23,cholesterol,300.0,mg
1285,23,choline,450.0,mg
1286,23,chromium,30.0,μg
1287,23,copper,1000.0,μg
1288,23,fat_max_percent,35.0,percent
1289,23,fat_min_percent,20.0,percent
1290,23,fluoride,3.0,mg
1291,23,folate,600.0,μg
1292,23,histidine,18.0,mg_per_kg
1293,23,iodine,220.0,μg
1294,23,iron,27.0,mg
1295,23,isoleucine,25.0,mg_per_kg
1296,23,leucine,56.0,mg_per_kg
1297,23,lysine,51.0,mg_per_kg
1298,23,magnesium,360.0,mg
1299,23,manganese,2.0,mg
1300,23,methionine_and_cysteine,25.0,mg_per_kg
1301,23,molybdenum,50.0,μg
1302,23,niacin,18.0,mg
1303,23,omega_3,1.4,g
1304,23,omega_3_max_percent,1.2,percent
1305,23,omega_3_min_percent,0.6,percent
1306,23,omega_6,13.0,g
1307,23,omega_6_max_percent,10.0,percent
1308,23,omega_6_min_percent,5.0,percent
1309,23,pantothenic_acid,6.0,mg
1310,23,phenylalanine_and_tyrosine,44.0,mg_per_kg
1311,23,phosphorus,700.0,mg
1312,23,potassium,2900.0,mg
1313,23,protein_max_percent,35.0,percent
1314,23,protein_min_percent,10.0,percent
1315,23,riboflavin,1.4,mg
1316,23,selenium,60.0,μg
1317,23,sodium,1500.0,mg
1318,23,thiamin,1.4,mg
1319,23,threonine,26.0,mg_per_kg
1320,23,total_dietary_fibre,28.0,g
1321,23,total_fat,78.0,g
1322,23,total_protein,71.0,g
1323,23,total_saturated_fat,20.0,g
1324,23,trans_fat,0.0,g
1325,23,tryptophan,7.0,mg_per_kg
1326,23,valine,31.0,mg_per_kg
1327,23,vit_a,770.0,μg
1328,23,vit_c,85.0,mg
1329,23,vit_d,15.0,μg
1330,23,vit_e,15.0,mg
1331,23,vit_k,90.0,μg
1332,23,water,3000.0,ml
1333,23,zinc,11.0,mg
1334,24,b12,2.8,μg
1335,24,b6,2.0,mg
1336,24,biotin,35.0,μg
1337,24,calcium,1300.0,mg
1338,24,carbohydrate_max_percent,65.0,percent
1339,24,carbohydrate_min_percent,45.0,percent
1340,24,carbohydrate_total,210.0,g
1341,24,chlorine,2300.0,g
1342,24,cholesterol,300.0,mg
1343,24,choline,550.0,mg
1344,24,chromium,44.0,μg
1345,24,copper,1300.0,μg
1346,24,fat_max_percent,35.0,percent
1347,24,fat_min_percent,25.0,percent
1348,24,fluoride,3.0,mg
1349,24,folate,500.0,μg
1350,24,histidine,19.0,mg_per_kg
1351,24,iodine,290.0,μg
1352,24,iron,10.0,mg
1353,24,isoleucine,30.0,mg_per_kg
1354,24,leucine,62.0,mg_per_kg
1355,24,lysine,52.0,mg_per_kg
1356,24,magnesium,360.0,mg
1357,24,manganese,2.6,mg
1358,24,methionine_and_cysteine,26.0,mg_per_kg
1359,24,molybdenum,50.0,μg
1360,24,niacin,17.0,mg
1361,24,omega_3,1.3,g
1362,24,omega_3_max_percent,1.2,percent
1363,24,omega_3_min_percent,0.6,percent
1364,24,omega_6,13.0,g
1365,24,omega_6_max_percent,10.0,percent
1366,24,omega_6_min_percent,5.0,percent
1367,24,pantothenic_acid,7.0,mg
1368,24,phenylalanine_and_tyrosine,51.0,mg_per_kg
1369,24,phosphorus,1250.0,mg
1370,24,potassium,2500.0,mg
1371,24,protein_max_percent,30.0,percent
1372,24,protein_min_percent,10.0,percent
1373,24,riboflavin,1.6,mg
1374,24,selenium,70.0,μg
1375,24,sodium,1500.0,mg
1376,24,thiamin,1.4,mg
1377,24,threonine,30.0,mg_per_kg
1378,24,total_dietary_fibre,29.0,g
1379,24,total_fat,78.0,g
1380,24,total_protein,71.0,g
1381,24,total_saturated_fat,20.0,g
1382,24,trans_fat,0.0,g
1383,24,tryptophan,9.0,mg_per_kg
1384,24,valine,35.0,mg_per_kg
1385,24,vit_a,1200.0,μg
1386,24,vit_c,115.0,mg
1387,24,vit_d,15.0,μg
1388,24,vit_e,19.0,mg
1389,24,vit_k,75.0,μg
1390,24,water,3800.0,ml
1391,24,zinc,13.0,mg
1392,25,b12,2.8,μg
1393,25,b6,2.0,mg
1394,25,biotin,35.0,μg
1395,25,calcium,1000.0,mg
1396,25,carbohydrate_max_percent,65.0,percent
1397,25,carbohydrate_min_percent,45.0,percent
1398,25,carbohydrate_total,210.0,g
1399,25,chlorine,2300.0,g
1400,25,cholesterol,300.0,mg
1401,25,choline,550.0,mg
1402,25,chromium,45.0,μg
1403,25,copper,1300.0,μg
1404,25,fat_max_percent,35.0,percent
1405,25,fat_min_percent,20.0,percent
1406,25,fluoride,3.0,mg
1407,25,folate,500.0,μg
1408,25,histidine,19.0,mg_per_kg
1409,25,iodine,290.0,μg
1410,25,iron,9.0,mg
1411,25,isoleucine,30.0,mg_per_kg
1412,25,leucine,62.0,mg_per_kg
1413,25,lysine,52.0,mg_per_kg
1414,25,magnesium,310.0,mg
1415,25,manganese,2.6,mg
1416,25,methionine_and_cysteine,26.0,mg_per_kg
1417,25,molybdenum,50.0,μg
1418,25,niacin,17.0,mg
1419,25,omega_3,1.3,g
1420,25,omega_3_max_percent,1.2,percent
1421,25,omega_3_min_percent,0.6,percent
1422,25,omega_6,13.0,g
1423,25,omega_6_max_percent,10.0,percent
1424,25,omega_6_min_percent,5.0,percent
1425,25,pantothenic_acid,7.0,mg
1426,25,phenylalanine_and_tyrosine,51.0,mg_per_kg
1427,25,phosphorus,700.0,mg
1428,25,potassium,2800.0,mg
1429,25,protein_max_percent,35.0,percent
1430,25,protein_min_percent,10.0,percent
1431,25,riboflavin,1.6,mg
1432,25,selenium,70.0,μg
1433,25,sodium,1500.0,mg
1434,25,thiamin,1.4,mg
1435,25,threonine,30.0,mg_per_kg
1436,25,total_dietary_fibre,29.0,g
1437,25,total_fat,78.0,g
1438,25,total_protein,71.0,g
1439,25,total_saturated_fat,20.0,g
1440,25,trans_fat,0.0,g
1441,25,tryptophan,9.0,mg_per_kg
1442,25,valine,35.0,mg_per_kg
1443,25,vit_a,1300.0,μg
1444,25,vit_c,120.0,mg
1445,25,vit_d,15.0,μg
1446,25,vit_e,19.0,mg
1447,25,vit_k,90.0,μg
1448,25,water,3800.0,ml
1449,25,zinc,12.0,mg
1450,26,b12,2.8,μg
1451,26,b6,2.0,mg
1452,26,biotin,35.0,μg
1453,26,calcium,1000.0,mg
1454,26,carbohydrate_max_percent,65.0,percent
1455,26,carbohydrate_min_percent,45.0,percent
1456,26,carbohydrate_total,210.0,g
1457,26,chlorine,2300.0,g
1458,26,cholesterol,300.0,mg
1459,26,choline,550.0,mg
1460,26,chromium,45.0,μg
1461,26,copper,1300.0,μg
1462,26,fat_max_percent,35.0,percent
1463,26,fat_min_percent,20.0,percent
1464,26,fluoride,3.0,mg
1465,26,folate,500.0,μg
1466,26,histidine,19.0,mg_per_kg
1467,26,iodine,290.0,μg
1468,26,iron,9.0,mg
1469,26,isoleucine,30.0,mg_per_kg
1470,26,leucine,62.0,mg_per_kg
1471,26,lysine,52.0,mg_per_kg
1472,26,magnesium,320.0,mg
1473,26,manganese,2.6,mg
1474,26,methionine_and_cysteine,26.0,mg_per_kg
1475,26,molybdenum,50.0,μg
1476,26,niacin,17.0,mg
1477,26,omega_3,1.3,g
1478,26,omega_3_max_percent,1.2,percent
1479,26,omega_3_min_percent,0.6,percent
1480,26,omega_6,13.0,g
1481,26,omega_6_max_percent,10.0,percent
1482,26,omega_6_min_percent,5.0,percent
1483,26,pantothenic_acid,7.0,mg
1484,26,phenylalanine_and_tyrosine,51.0,mg_per_kg
1485,26,phosphorus,700.0,mg
1486,26,potassium,2800.0,mg
1487,26,protein_max_percent,35.0,percent
1488,26,protein_min_percent,10.0,percent
1489,26,riboflavin,1.6,mg
1490,26,selenium,70.0,μg
1491,26,sodium,1500.0,mg
1492,26,thiamin,1.4,mg
1493,26,threonine,30.0,mg_per_kg
1494,26,total_dietary_fibre,29.0,g
1495,26,total_fat,78.0,g
1496,26,total_protein,71.0,g
1497,26,total_saturated_fat,20.0,g
1498,26,trans_fat,0.0,g
1499,26,tryptophan,9.0,mg_per_kg
1500,26,valine,35.0,mg_per_kg
1501,26,vit_a,1300.0,μg
1502,26,vit_c,120.0,mg
1503,26,vit_d,15.0,μg
1504,26,vit_e,19.0,mg
1505,26,vit_k,90.0,μg
1506,26,water,3800.0,ml
1507,26,zinc,12.0,mg
